,"Kategori"
"ἀγαθοεργέω,14,false","ε-stamme"
"ἀγαθοποιέω,15,false","ε-stamme"
"ἀγαλλιάω,21,false","α-stamme"
"ἀγανακτέω,23,false","ε-stamme"
"ἀγαπάω,25,false","α-stamme"
"ἀγγαρεύω,29,false","ευ-stamme"
"ἀγγέλλω,518,true","λ-stamme"
"ἁγιάζω,37,false","ζ-stamme"
"ἁγνίζω,48,false","ζ-stamme"
"ἀγνοέω,50,false","ε-stamme"
"ἀγοράζω,59,false","ζ-stamme"
"ἀγραυλέω,63,false","ε-stamme"
"ἀγρεύω,64,false","ευ-stamme"
"ἀγρυπνέω,69,false","ε-stamme"
"ἄγω,71,false","γ-stamme"
"ἀγωνίζομαι,75,false","ζ-stamme"
"ἀδημονέω,85,false","ε-stamme"
"ἀδικέω,91,false","ε-stamme"
"ἀδυνατέω,101,false","ε-stamme"
"ᾄδω,103,false","δ-stamme"
"ἀθετέω,114,false","ε-stamme"
"ἀθλέω,118,false","ε-stamme"
"ἀθροίζω,4867,true","ζ-stamme"
"ἀθυμέω,120,false","ε-stamme"
"αἱμορροέω,131,false","ε-stamme"
"αἰνέω,134,false","ε-stamme"
"αἱρετίζω,140,false","ζ-stamme"
"αἱρέω,138,false","ε-stamme"
"αἴρω,142,false","ρ-stamme"
"αἰσθάνομαι,143,false","ν-stamme"
"αἰσχύνω,153,false","ν-stamme"
"αἰτέω,154,false","ε-stamme"
"αἰχμαλωτεύω,162,false","ευ-stamme"
"αἰχμαλωτίζω,163,false","ζ-stamme"
"ἀκαιρέομαι,170,false","ε-stamme"
"ἀκμάζω,187,false","ζ-stamme"
"ἀκολουθέω,190,false","ε-stamme"
"ἀκούω,191,false","υ-stamme"
"ἀκριβόω,198,false","ο-stamm"
"ἀκυρόω,208,false","ο-stamm"
"ἀλαλάζω,214,false","ζ-stamme"
"ἀλείφω,218,false","φ-stamme"
"ἀληθεύω,226,false","ευ-stamme"
"ἀλήθω,229,false","θ-stamme"
"ἁλιεύω,232,false","ευ-stamme"
"ἁλίζω,233,false","ζ-stamme"
"ἀλλάσσω,236,false","κ-stamme"
"ἀλληγορέω,238,false","ε-stamme"
"ἅλλομαι,242,false","λ-stamme"
"ἀλοάω,248,false","α-stamme"
"ἁμαρτάνω,264,false","ν-stamme"
"ἀμάω,270,false","α-stamme"
"ἀμελέω,272,false","ε-stamme"
"ἀμύνομαι,292,false","ν-stamme"
"ἀμφιβάλλω,906,true","λ-stamme"
"ἀμφιέζω,294,true","ζ-stamme"
"ἀμφιέννυμι,294,false","μι-verbum"
"ἀναβαίνω,305,false","ν-stamme"
"ἀναβάλλω,306,false","λ-stamme"
"ἀναβιβάζω,307,false","ζ-stamme"
"ἀναβλέπω,308,false","π-stamme"
"ἀναβοάω,310,false","α-stamme"
"ἀναγγέλλω,312,false","λ-stamme"
"ἀναγεννάω,313,false","α-stamme"
"ἀναγινώσκω,314,false","σκ-verbum"
"ἀναγκάζω,315,false","ζ-stamme"
"ἀνάγω,321,false","γ-stamme"
"ἀναδείκνυμι,322,false","μι-verbum"
"ἀναδέχομαι,324,false","χ-stamme"
"ἀναδίδωμι,325,false","μι-verbum"
"ἀναζάω,326,false","η-stamme"
"ἀναζητέω,327,false","ε-stamme"
"ἀναζώννυμι,328,false","μι-verbum"
"ἀναζωπυρέω,329,false","ε-stamme"
"ἀναθάλλω,330,false","λ-stamme"
"ἀναθεματίζω,332,false","ζ-stamme"
"ἀναθεωρέω,333,false","ε-stamme"
"ἀναιρέω,337,false","ε-stamme"
"ἀνακαθίζω,339,false","ζ-stamme"
"ἀνακαινίζω,340,false","ζ-stamme"
"ἀνακαινόω,341,false","ο-stamm"
"ἀνακαλύπτω,343,false","π-stamme"
"ἀνακάμπτω,344,false","π-stamme"
"ἀνάκειμαι,345,false","μι-verbum"
"ἀνακεφαλαιόω,346,false","ο-stamm"
"ἀνακλίνω,347,false","ν-stamme"
"ἀνακράζω,349,false","ζ-stamme"
"ἀνακρίνω,350,false","ν-stamme"
"ἀνακυλίω,617,true","ι-stamme"
"ἀνακύπτω,352,false","π-stamme"
"ἀναλαμβάνω,353,false","ν-stamme"
"ἀναλίσκω,355,false","σκ-verbum"
"ἀναλογίζομαι,357,false","ζ-stamme"
"ἀναλύω,360,false","υ-stamme"
"ἀναμένω,362,false","ν-stamme"
"ἀναμιμνῄσκω,363,false","σκ-verbum"
"ἀνανεόω,365,false","ο-stamm"
"ἀνανήφω,366,false","φ-stamme"
"ἀναπαύω,373,false","υ-stamme"
"ἀναπείθω,374,false","θ-stamme"
"ἀναπέμπω,375,false","π-stamme"
"ἀναπηδάω,1530,true","α-stamme"
"ἀναπίπτω,377,false","π-stamme"
"ἀναπληρόω,378,false","ο-stamm"
"ἀνάπτω,381,false","π-stamme"
"ἀνασείω,383,false","ι-stamme"
"ἀνασκευάζω,384,false","ζ-stamme"
"ἀνασπάω,385,false","α-stamme"
"ἀναστατόω,387,false","ο-stamm"
"ἀνασταυρόω,388,false","ο-stamm"
"ἀναστενάζω,389,false","ζ-stamme"
"ἀναστρέφω,390,false","φ-stamme"
"ἀνατάσσομαι,392,false","κ-stamme"
"ἀνατέλλω,393,false","λ-stamme"
"ἀνατίθημι,394,false","μι-verbum"
"ἀνατρέπω,396,false","π-stamme"
"ἀνατρέφω,397,false","φ-stamme"
"ἀναφαίνω,398,false","ν-stamme"
"ἀναφέρω,399,false","ρ-stamme"
"ἀναφωνέω,400,false","ε-stamme"
"ἀναχωρέω,402,false","ε-stamme"
"ἀναψύχω,404,false","χ-stamme"
"ἀνδρίζομαι,407,false","ζ-stamme"
"ἀνεμίζω,416,false","ζ-stamme"
"ἀνέρχομαι,424,false","χ-stamme"
"ἀνετάζω,426,false","ζ-stamme"
"ἀνευρίσκω,429,false","σκ-verbum"
"ἀνέχω,430,false","χ-stamme"
"ἀνήκω,433,false","κ-stamme"
"ἀνθίστημι,436,false","μι-verbum"
"ἀνθομολογέομαι,437,false","ε-stamme"
"ἀνίημι,447,false","μι-verbum"
"ἀνίστημι,450,false","μι-verbum"
"ἀνοίγω,455,false","γ-stamme"
"ἀνοικοδομέω,456,false","ε-stamme"
"ἀνορθόω,461,false","ο-stamm"
"ἀνταγωνίζομαι,464,false","ζ-stamme"
"ἀνταναπληρόω,466,false","ο-stamm"
"ἀνταποδίδωμι,467,false","μι-verbum"
"ἀνταποκρίνομαι,470,false","ν-stamme"
"ἀντέχω,472,false","χ-stamme"
"ἀντιβάλλω,474,false","λ-stamme"
"ἀντιδιατίθημι,475,false","μι-verbum"
"ἀντικαθίστημι,478,false","μι-verbum"
"ἀντικαλέω,479,false","ε-stamme"
"ἀντίκειμαι,480,false","μι-verbum"
"ἀντιλαμβάνω,482,false","ν-stamme"
"ἀντιλέγω,483,false","γ-stamme"
"ἀντιλοιδορέω,486,false","ε-stamme"
"ἀντιμετρέω,488,false","ε-stamme"
"ἀντιπαρέρχομαι,492,false","χ-stamme"
"ἀντιπίπτω,496,false","π-stamme"
"ἀντιστρατεύω,497,false","ευ-stamme"
"ἀντιτάσσω,498,false","κ-stamme"
"ἀντλέω,501,false","ε-stamme"
"ἀντοφθαλμέω,503,false","ε-stamme"
"ἀξιόω,515,false","ο-stamm"
"ἀπαγγέλλω,518,false","λ-stamme"
"ἀπάγχω,519,false","χ-stamme"
"ἀπάγω,520,false","γ-stamme"
"ἀπάγω,520,true","γ-stamme"
"ἀπαίρω,522,false","ρ-stamme"
"ἀπαιτέω,523,false","ε-stamme"
"ἀπαλγέω,524,false","ε-stamme"
"ἀπαλλάσσω,525,false","κ-stamme"
"ἀπαλλοτριόω,526,false","ο-stamm"
"ἀπαντάω,528,false","α-stamme"
"ἀπαρνέομαι,533,false","ε-stamme"
"ἀπασπάζομαι,782,true","ζ-stamme"
"ἀπατάω,538,false","α-stamme"
"ἀπειθέω,544,false","ε-stamme"
"ἀπειλέω,546,false","ε-stamme"
"ἄπειμι (I),548,false","μι-verbum"
"ἄπειμι (II),549,false","μι-verbum"
"ἀπεῖπον,550,false","uregelmæssig "
"ἀπεκδέχομαι,553,false","χ-stamme"
"ἀπεκδύομαι,554,false","υ-stamme"
"ἀπελαύνω,556,false","ν-stamme"
"ἀπελπίζω,560,false","ζ-stamme"
"ἀπέρχομαι,565,false","χ-stamme"
"ἀπέχω,568,false","χ-stamme"
"ἀπιστέω,569,false","ε-stamme"
"ἀποβαίνω,576,false","ν-stamme"
"ἀποβάλλω,577,false","λ-stamme"
"ἀποβλέπω,578,false","π-stamme"
"ἀπογίνομαι,581,false","ν-stamme"
"ἀπογράφω,583,false","φ-stamme"
"ἀποδείκνυμι,584,false","μι-verbum"
"ἀποδεκατεύω,586,true","ευ-stamme"
"ἀποδεκατόω,586,false","ο-stamm"
"ἀποδέχομαι,588,false","χ-stamme"
"ἀποδημέω,589,false","ε-stamme"
"ἀποδίδωμι,591,false","μι-verbum"
"ἀποδιορίζω,592,false","ζ-stamme"
"ἀποδοκιμάζω,593,false","ζ-stamme"
"ἀποθησαυρίζω,597,false","ζ-stamme"
"ἀποθλίβω,598,false","β-stamme"
"ἀποθνῄσκω,599,false","σκ-verbum"
"ἀποκαθιστάνω,600,false","ν-stamme"
"ἀποκαλύπτω,601,false","π-stamme"
"ἀποκαταλλάσσω,604,false","κ-stamme"
"ἀπόκειμαι,606,false","μι-verbum"
"ἀποκεφαλίζω,607,false","ζ-stamme"
"ἀποκλείω,608,false","ι-stamme"
"ἀποκόπτω,609,false","π-stamme"
"ἀποκρίνομαι,611,false","ν-stamme"
"ἀποκρύπτω,613,false","π-stamme"
"ἀποκτείνω,615,false","ν-stamme"
"ἀποκυέω,616,false","ε-stamme"
"ἀποκυλίω,617,false","ι-stamme"
"ἀπολαμβάνω,618,false","ν-stamme"
"ἀπολείπω,620,false","π-stamme"
"ἀπόλλυμι,622,false","μι-verbum"
"ἀπολογέομαι,626,false","ε-stamme"
"ἀπολούω,628,false","υ-stamme"
"ἀπολύω,630,false","υ-stamme"
"ἀπομάσσω,631,false","κ-stamme"
"ἀπονέμω,632,false","μ-stamme"
"ἀπονίζω,633,false","ζ-stamme"
"ἀποπίπτω,634,false","π-stamme"
"ἀποπλανάω,635,false","α-stamme"
"ἀποπλέω,636,false","ε-stamme"
"ἀποπνίγω,638,false","γ-stamme"
"ἀπορέω,639,false","ε-stamme"
"ἀπορίπτω,641,false","π-stamme"
"ἀπορφανίζω,642,false","ζ-stamme"
"ἀποσπάω,645,false","α-stamme"
"ἀποστεγάζω,648,false","ζ-stamme"
"ἀποστέλλω,649,false","λ-stamme"
"ἀποστερέω,650,false","ε-stamme"
"ἀποστοματίζω,653,false","ζ-stamme"
"ἀποστρέφω,654,false","φ-stamme"
"ἀποστυγέω,655,false","ε-stamme"
"ἀποτάσσω,657,false","κ-stamme"
"ἀποτελέω,658,false","ε-stamme"
"ἀποτίθημι,659,false","μι-verbum"
"ἀποτινάσσω,660,false","κ-stamme"
"ἀποτίνω,661,false","ν-stamme"
"ἀποτολμάω,662,false","α-stamme"
"ἀποτρέπω,665,false","π-stamme"
"ἀποφέρω,667,false","ρ-stamme"
"ἀποφεύγω,668,false","γ-stamme"
"ἀποφθέγγομαι,669,false","γ-stamme"
"ἀποφορτίζομαι,670,false","ζ-stamme"
"ἀποχωρέω,672,false","ε-stamme"
"ἀποχωρίζω,673,false","ζ-stamme"
"ἀποψύχω,674,false","χ-stamme"
"ἅπτω,680,false","π-stamme"
"ἅπτω,681,false","π-stamme"
"ἀπωθέω,683,false","ε-stamme"
"ἀργέω,691,false","ε-stamme"
"ἀρέσκω,700,false","σκ-verbum"
"ἀριθμέω,705,false","ε-stamme"
"ἀριστάω,709,false","α-stamme"
"ἀρκέω,714,false","ε-stamme"
"ἁρμόζω,718,false","ζ-stamme"
"ἀρνέομαι,720,false","ε-stamme"
"ἀροτριάω,722,false","α-stamme"
"ἁρπάζω,726,false","ζ-stamme"
"ἀρτύω,741,false","υ-stamme"
"ἄρχω,756,false","χ-stamme"
"ἄρχω,757,false","χ-stamme"
"ἀσεβέω,764,false","ε-stamme"
"ἀσθενέω,770,false","ε-stamme"
"ἀσκέω,778,false","ε-stamme"
"ἀσπάζομαι,782,false","ζ-stamme"
"ἀστατέω,790,false","ε-stamme"
"ἀστοχέω,795,false","ε-stamme"
"ἀστράπτω,797,false","π-stamme"
"ἀσφαλίζω,805,false","ζ-stamme"
"ἀσχημονέω,807,false","ε-stamme"
"ἀτακτέω,812,false","ε-stamme"
"ἀτενίζω,816,false","ζ-stamme"
"ἀτιμάζω,818,false","ζ-stamme"
"αὐγάζω,826,false","ζ-stamme"
"αὐθεντέω,831,false","ε-stamme"
"αὐλέω,832,false","ε-stamme"
"αὐλίζομαι,835,false","ζ-stamme"
"αὐξάνω,837,false","ν-stamme"
"αὐχέω,3166,true","ε-stamme"
"ἀφαιρέω,851,false","ε-stamme"
"ἀφανίζω,853,false","ζ-stamme"
"ἀφίημι,863,false","μι-verbum"
"ἀφικνέομαι,864,false","ε-stamme"
"ἀφίστημι,868,false","μι-verbum"
"ἀφομοιόω,871,false","ο-stamm"
"ἀφοράω,872,false","α-stamme"
"ἀφορίζω,873,false","ζ-stamme"
"ἀφρίζω,875,false","ζ-stamme"
"ἀφυπνόω,879,false","ο-stamm"
"ἀφυστερέω,650,true","ε-stamme"
"ἀχρειόω,889,false","ο-stamm"
"βαθύνω,900,false","ν-stamme"
"βάλλω,906,false","λ-stamme"
"βαπτίζω,907,false","ζ-stamme"
"βάπτω,911,false","π-stamme"
"βαρέω,916,false","ε-stamme"
"βασανίζω,928,false","ζ-stamme"
"βασιλεύω,936,false","ευ-stamme"
"βασκαίνω,940,false","ν-stamme"
"βαστάζω,941,false","ζ-stamme"
"βατταλογέω,945,false","ε-stamme"
"βδελύσσομαι,948,false","κ-stamme"
"βεβαιόω,950,false","ο-stamm"
"βεβηλόω,953,false","ο-stamm"
"βιάζω,971,false","ζ-stamme"
"βιβρώσκω,977,false","σκ-verbum"
"βιόω,980,false","ο-stamm"
"βλάπτω,984,false","π-stamme"
"βλαστάνω,985,false","ν-stamme"
"βλασφημέω,987,false","ε-stamme"
"βλέπω,991,false","π-stamme"
"βοάω,994,false","α-stamme"
"βοηθέω,997,false","ε-stamme"
"βολίζω,1001,false","ζ-stamme"
"βόσκω,1006,false","σκ-verbum"
"βουλεύω,1011,false","ευ-stamme"
"βούλομαι,1014,false","λ-stamme"
"βραβεύω,1018,false","ευ-stamme"
"βραδύνω,1019,false","ν-stamme"
"βραδυπλοέω,1020,false","ε-stamme"
"βρέχω,1026,false","χ-stamme"
"βρύχω,1031,false","χ-stamme"
"βρύω,1032,false","υ-stamme"
"βυθίζω,1036,false","ζ-stamme"
"γαμέω,1060,false","ε-stamme"
"γαμίζω,1061,false","ζ-stamme"
"γελάω,1070,false","α-stamme"
"γεμίζω,1072,false","ζ-stamme"
"γέμω,1073,false","μ-stamme"
"γενεαλογέω,1075,false","ε-stamme"
"γεννάω,1080,false","α-stamme"
"γεύομαι,1089,false","ευ-stamme"
"γεωργέω,1090,false","ε-stamme"
"γηράσκω,1095,false","σκ-verbum"
"γίνομαι,1096,false","ν-stamme"
"γινώσκω,1097,false","σκ-verbum"
"γνωρίζω,1107,false","ζ-stamme"
"γογγύζω,1111,false","ζ-stamme"
"γονυπετέω,1120,false","ε-stamme"
"γράφω,1125,false","φ-stamme"
"γρηγορέω,1127,false","ε-stamme"
"γυμνάζω,1128,false","ζ-stamme"
"γυμνιτεύω,1130,false","ευ-stamme"
"δαιμονίζομαι,1139,false","ζ-stamme"
"δάκνω,1143,false","ν-stamme"
"δακρύω,1145,false","υ-stamme"
"δαμάζω,1150,false","ζ-stamme"
"δανίζω,1155,false","ζ-stamme"
"δαπανάω,1159,false","α-stamme"
"δεῖ,1163,false","uregelmæssig "
"δειγματίζω,1165,false","ζ-stamme"
"δείκνυμι,1166,false","μι-verbum"
"δειλιάω,1168,false","α-stamme"
"δειπνέω,1172,false","ε-stamme"
"δεκατόω,1183,false","ο-stamm"
"δελεάζω,1185,false","ζ-stamme"
"δέομαι,1189,false","ε-stamme"
"δέρω,1194,false","ρ-stamme"
"δεσμεύω,1195,false","ευ-stamme"
"δεῦρο,1204,false","ρ-stamme"
"δεῦτε,1205,false","uregelmæssig "
"δέχομαι,1209,false","χ-stamme"
"δέω,1210,false","ε-stamme"
"δηλόω,1213,false","ο-stamm"
"δημηγορέω,1215,false","ε-stamme"
"διαβαίνω,1224,false","ν-stamme"
"διαβάλλω,1225,false","λ-stamme"
"διαβεβαιόομαι,1226,false","ο-stamm"
"διαβλέπω,1227,false","π-stamme"
"διαγγέλλω,1229,false","λ-stamme"
"διαγίνομαι,1230,false","ν-stamme"
"διαγινώσκω,1231,false","σκ-verbum"
"διαγογγύζω,1234,false","ζ-stamme"
"διαγρηγορέω,1235,false","ε-stamme"
"διάγω,1236,false","γ-stamme"
"διαδέχομαι,1237,false","χ-stamme"
"διαδίδωμι,1239,false","μι-verbum"
"διαζώννυμι,1241,false","μι-verbum"
"διαιρέω,1244,false","ε-stamme"
"διακαθαίρω,1245,true","ρ-stamme"
"διακαθαρίζω,1245,false","ζ-stamme"
"διακατελέγχομαι,1246,false","χ-stamme"
"διακονέω,1247,false","ε-stamme"
"διακούω,1251,false","υ-stamme"
"διακρίνω,1252,false","ν-stamme"
"διακωλύω,1254,false","υ-stamme"
"διαλαλέω,1255,false","ε-stamme"
"διαλέγομαι,1256,false","γ-stamme"
"διαλείπω,1257,false","π-stamme"
"διαλλάσσω,1259,false","κ-stamme"
"διαλογίζομαι,1260,false","ζ-stamme"
"διαλύω,1262,false","υ-stamme"
"διαμαρτύρομαι,1263,false","ρ-stamme"
"διαμάχομαι,1264,false","χ-stamme"
"διαμένω,1265,false","ν-stamme"
"διαμερίζω,1266,false","ζ-stamme"
"διανέμω,1268,false","μ-stamme"
"διανεύω,1269,false","ευ-stamme"
"διανοίγω,1272,false","γ-stamme"
"διανυκτερεύω,1273,false","ευ-stamme"
"διανύω,1274,false","υ-stamme"
"διαπεράω,1276,false","α-stamme"
"διαπλέω,1277,false","ε-stamme"
"διαπονέομαι,1278,false","ε-stamme"
"διαπορεύομαι,1279,false","ευ-stamme"
"διαπορέω,1280,false","ε-stamme"
"διαπραγματεύομαι,1281,false","ευ-stamme"
"διαπρίω,1282,false","ι-stamme"
"διαρπάζω,1283,false","ζ-stamme"
"διαρρήγνυμι,1284,false","μι-verbum"
"διασαφέω,1285,false","ε-stamme"
"διασείω,1286,false","ι-stamme"
"διασκορπίζω,1287,false","ζ-stamme"
"διασπάω,1288,false","α-stamme"
"διασπείρω,1289,false","ρ-stamme"
"διαστέλλω,1291,false","λ-stamme"
"διαστρέφω,1294,false","φ-stamme"
"διασῴζω,1295,false","ζ-stamme"
"διαταράσσω,1298,false","κ-stamme"
"διατάσσω,1299,false","κ-stamme"
"διατελέω,1300,false","ε-stamme"
"διατηρέω,1301,false","ε-stamme"
"διατίθημι,1303,false","μι-verbum"
"διατρίβω,1304,false","β-stamme"
"διαυγάζω,1306,false","ζ-stamme"
"διαφέρω,1308,false","ρ-stamme"
"διαφεύγω,1309,false","γ-stamme"
"διαφημίζω,1310,false","ζ-stamme"
"διαφθείρω,1311,false","ρ-stamme"
"διαφυλάσσω,1314,false","κ-stamme"
"διαχειρίζω,1315,false","ζ-stamme"
"διαχλευάζω,5512,true","ζ-stamme"
"διαχωρίζω,1316,false","ζ-stamme"
"διδάσκω,1321,false","σκ-verbum"
"δίδωμι,1325,false","μι-verbum"
"διεγείρω,1326,false","ρ-stamme"
"διενθυμέομαι,1760,true","ε-stamme"
"διερμηνεύω,1329,false","ευ-stamme"
"διέρχομαι,1330,false","χ-stamme"
"διερωτάω,1331,false","ρ-stamme"
"διηγέομαι,1334,false","ε-stamme"
"διϊκνέομαι,1338,false","ε-stamme"
"διΐστημι,1339,false","μι-verbum"
"διϊσχυρίζομαι,1340,false","ζ-stamme"
"δικαιόω,1344,false","ο-stamm"
"διοδεύω,1353,false","ευ-stamme"
"διορύσσω,1358,false","κ-stamme"
"διπλόω,1363,false","ο-stamm"
"διστάζω,1365,false","ζ-stamme"
"διϋλίζω,1368,false","ζ-stamme"
"διχάζω,1369,false","ζ-stamme"
"διχοτομέω,1371,false","ε-stamme"
"διψάω,1372,false","η-stamme"
"διώκω,1377,false","κ-stamme"
"δογματίζω,1379,false","ζ-stamme"
"δοκέω,1380,false","ε-stamme"
"δοκιμάζω,1381,false","ζ-stamme"
"δολιόω,1387,false","ο-stamm"
"δολόω,1389,false","ο-stamm"
"δοξάζω,1392,false","ζ-stamme"
"δουλαγωγέω,1396,false","ε-stamme"
"δουλεύω,1398,false","ευ-stamme"
"δουλόω,1402,false","ο-stamm"
"δράσσομαι,1405,false","κ-stamme"
"δύναμαι,1410,false","μι-verbum"
"δυναμόω,1412,false","ο-stamm"
"δυνατέω,1414,false","ε-stamme"
"δύνω,1416,false","ν-stamme"
"δυσφημέω,1426,true","ε-stamme"
"δωρέομαι,1433,false","ε-stamme"
"ἐάω,1439,false","α-stamme"
"ἐγγίζω,1448,false","ζ-stamme"
"ἐγγράφω,1449,false","φ-stamme"
"ἐγείρω,1453,false","ρ-stamme"
"ἐγκαινίζω,1457,false","ζ-stamme"
"ἐγκακέω,1573,false","ε-stamme"
"ἐγκαλέω,1458,false","ε-stamme"
"ἐγκαταλείπω,1459,false","π-stamme"
"ἐγκατοικέω,1460,false","ε-stamme"
"ἐγκαυχάομαι,2744,true","α-stamme"
"ἐγκεντρίζω,1461,false","ζ-stamme"
"ἐγκομβόομαι,1463,false","ο-stamm"
"ἐγκόπτω,1465,false","π-stamme"
"ἐγκρατεύομαι,1467,false","ευ-stamme"
"ἐγκρίνω,1469,false","ν-stamme"
"ἐγκρύπτω,1470,false","π-stamme"
"ἐγχρίω,1472,false","ι-stamme"
"ἐδαφίζω,1474,false","ζ-stamme"
"ἐθίζω,1480,false","ζ-stamme"
"εἴκω,1502,false","κ-stamme"
"εἰμί,1510,false","uregelmæssig "
"εἶπον,2046,false","uregelmæssig "
"εἰρηνεύω,1514,false","ευ-stamme"
"εἰρηνοποιέω,1517,false","ε-stamme"
"εἰσάγω,1521,false","γ-stamme"
"εἰσακούω,1522,false","υ-stamme"
"εἰσδέχομαι,1523,false","χ-stamme"
"εἴσειμι,1524,false","μι-verbum"
"εἰσέρχομαι,1525,false","χ-stamme"
"εἰσκαλέομαι,1528,false","ε-stamme"
"εἰσπηδάω,1530,false","α-stamme"
"εἰσπορεύομαι,1531,false","ευ-stamme"
"εἰστρέχω,1532,false","χ-stamme"
"εἰσφέρω,1533,false","ρ-stamme"
"εἴωθα,1486,false","uregelmæssig "
"ἐκβαίνω,1545,true","ν-stamme"
"ἐκβάλλω,1544,false","λ-stamme"
"ἐκδαπανάω,1550,false","α-stamme"
"ἐκδέχομαι,1551,false","χ-stamme"
"ἐκδημέω,1553,false","ε-stamme"
"ἐκδίδωμι,1554,false","μι-verbum"
"ἐκδιηγέομαι,1555,false","ε-stamme"
"ἐκδικέω,1556,false","ε-stamme"
"ἐκδιώκω,1559,false","κ-stamme"
"ἐκδύω,1562,false","υ-stamme"
"ἐκζητέω,1567,false","ε-stamme"
"ἐκθαμβέω,1568,false","ε-stamme"
"ἐκθαυμάζω,2296,true","ζ-stamme"
"ἐκκαθαίρω,1571,false","ρ-stamme"
"ἐκκαίω,1572,false","ι-stamme"
"ἐκκεντέω,1574,false","ε-stamme"
"ἐκκλάω,1575,false","α-stamme"
"ἐκκλείω,1576,false","ι-stamme"
"ἐκκλίνω,1578,false","ν-stamme"
"ἐκκολυμβάω,1579,false","α-stamme"
"ἐκκομίζω,1580,false","ζ-stamme"
"ἐκκόπτω,1581,false","π-stamme"
"ἐκκρεμάννυμι,1582,false","μι-verbum"
"ἐκλαλέω,1583,false","ε-stamme"
"ἐκλάμπω,1584,false","π-stamme"
"ἐκλανθάνομαι,1585,false","ν-stamme"
"ἐκλέγω,1586,false","γ-stamme"
"ἐκλείπω,1587,false","π-stamme"
"ἐκλύω,1590,false","υ-stamme"
"ἐκμάσσω,1591,false","κ-stamme"
"ἐκμυκτηρίζω,1592,false","ζ-stamme"
"ἐκνεύω,1593,false","ευ-stamme"
"ἐκνήφω,1594,false","φ-stamme"
"ἐκπαδάω,1530,true","α-stamme"
"ἐκπειράζω,1598,false","ζ-stamme"
"ἐκπέμπω,1599,false","π-stamme"
"ἐκπετάννυμι,1600,false","μι-verbum"
"ἐκπίπτω,1601,false","π-stamme"
"ἐκπλέω,1602,false","ε-stamme"
"ἐκπληρόω,1603,false","ο-stamm"
"ἐκπλήσσω,1605,false","κ-stamme"
"ἐκπνέω,1606,false","ε-stamme"
"ἐκπορεύομαι,1607,false","ευ-stamme"
"ἐκπορνεύω,1608,false","ευ-stamme"
"ἐκπτύω,1609,false","υ-stamme"
"ἐκριζόω,1610,false","ο-stamm"
"ἐκστρέφω,1612,false","φ-stamme"
"ἐκταράσσω,1613,false","κ-stamme"
"ἐκτείνω,1614,false","ν-stamme"
"ἐκτελέω,1615,false","ε-stamme"
"ἐκτίθημι,1620,false","μι-verbum"
"ἐκτινάσσω,1621,false","κ-stamme"
"ἐκτρέπω,1624,false","π-stamme"
"ἐκτρέφω,1625,false","φ-stamme"
"ἐκφέρω,1627,false","ρ-stamme"
"ἐκφεύγω,1628,false","γ-stamme"
"ἐκφοβέω,1629,false","ε-stamme"
"ἐκφύω,1631,false","υ-stamme"
"ἐκχέω,1632,false","ε-stamme"
"ἐκχωρέω,1633,false","ε-stamme"
"ἐκψύχω,1634,false","χ-stamme"
"ἐλαττονέω,1641,false","ε-stamme"
"ἐλαττόω,1642,false","ο-stamm"
"ἐλαύνω,1643,false","ν-stamme"
"ἐλεάω,1653,true","α-stamme"
"ἐλέγχω,1651,false","χ-stamme"
"ἐλεέω,1653,false","ε-stamme"
"ἐλευθερόω,1659,false","ο-stamm"
"ἑλίσσω,1667,false","κ-stamme"
"ἑλκόω,1669,false","ο-stamm"
"ἕλκω,1670,false","κ-stamme"
"ἐλλογέω,1677,false","ε-stamme"
"ἐλπίζω,1679,false","ζ-stamme"
"ἐμβαίνω,1684,false","ν-stamme"
"ἐμβάλλω,1685,false","λ-stamme"
"ἐμβάπτω,1686,false","π-stamme"
"ἐμβατεύω,1687,false","ευ-stamme"
"ἐμβιβάζω,1688,false","ζ-stamme"
"ἐμβλέπω,1689,false","π-stamme"
"ἐμβριμάομαι,1690,false","α-stamme"
"ἐμέω,1692,false","ε-stamme"
"ἐμμαίνομαι,1693,false","ν-stamme"
"ἐμμένω,1696,false","ν-stamme"
"ἐμπαίζω,1702,false","ζ-stamme"
"ἐμπεριπατέω,1704,false","ε-stamme"
"ἐμπίπλημι,1705,false","μι-verbum"
"ἐμπίπρημι,1714,false","μι-verbum"
"ἐμπίπτω,1706,false","π-stamme"
"ἐμπλέκω,1707,false","κ-stamme"
"ἐμπνέω,1709,false","ε-stamme"
"ἐμπορεύομαι,1710,false","ευ-stamme"
"ἐμπτύω,1716,false","υ-stamme"
"ἐμφανίζω,1718,false","ζ-stamme"
"ἐμφυσάω,1720,false","α-stamme"
"ἐναγκαλίζομαι,1723,false","ζ-stamme"
"ἐνάρχομαι,1728,false","χ-stamme"
"ἐνδείκνυμι,1731,false","μι-verbum"
"ἐνδέχομαι,1735,false","χ-stamme"
"ἐνδημέω,1736,false","ε-stamme"
"ἐνδιδύσκω,1737,false","σκ-verbum"
"ἐνδοξάζομαι,1740,false","ζ-stamme"
"ἐνδυναμόω,1743,false","ο-stamm"
"ἐνδύνω,1744,false","ν-stamme"
"ἐνδύω,1746,false","υ-stamme"
"ἐνεδρεύω,1748,false","ευ-stamme"
"ἐνειλέω,1750,false","ε-stamme"
"ἔνειμι,1751,false","μι-verbum"
"ἐνεργέω,1754,false","ε-stamme"
"ἐνευλογέω,1757,false","ε-stamme"
"ἐνέχω,1758,false","χ-stamme"
"ἐνθυμέομαι,1760,false","ε-stamme"
"ἔνι,1762,false","uregelmæssig "
"ἐνίστημι,1764,false","μι-verbum"
"ἐνισχύω,1765,false","υ-stamme"
"ἐννεύω,1770,false","ευ-stamme"
"ἐνοικέω,1774,false","ε-stamme"
"ἐνορκίζω,3726,true","ζ-stamme"
"ἐνοχλέω,1776,false","ε-stamme"
"ἐνταφιάζω,1779,false","ζ-stamme"
"ἐντέλλομαι,1781,false","λ-stamme"
"ἐντρέπω,1788,false","π-stamme"
"ἐντρέφω,1789,false","φ-stamme"
"ἐντρυφάω,1792,false","α-stamme"
"ἐντυγχάνω,1793,false","ν-stamme"
"ἐντυλίσσω,1794,false","κ-stamme"
"ἐντυπόω,1795,false","ο-stamm"
"ἐνυβρίζω,1796,false","ζ-stamme"
"ἐνυπνιάζομαι,1797,false","ζ-stamme"
"ἐνωτίζομαι,1801,false","ζ-stamme"
"ἐξαγγέλλω,1804,false","λ-stamme"
"ἐξαγοράζω,1805,false","ζ-stamme"
"ἐξάγω,1806,false","γ-stamme"
"ἐξαιρέω,1807,false","ε-stamme"
"ἐξαίρω,1808,false","ρ-stamme"
"ἐξαιτέω,1809,false","ε-stamme"
"ἐξακολουθέω,1811,false","ε-stamme"
"ἐξαλείφω,1813,false","φ-stamme"
"ἐξάλλομαι,1814,false","λ-stamme"
"ἐξανατέλλω,1816,false","λ-stamme"
"ἐξανίστημι,1817,false","μι-verbum"
"ἐξαπατάω,1818,false","α-stamme"
"ἐξαπορέομαι,1820,false","ε-stamme"
"ἐξαποστέλλω,1821,false","λ-stamme"
"ἐξαρτίζω,1822,false","ζ-stamme"
"ἐξαστράπτω,1823,false","π-stamme"
"ἐξεγείρω,1825,false","ρ-stamme"
"ἔξειμι,1826,false","μι-verbum"
"ἐξέλκω,1828,false","κ-stamme"
"ἐξεραυνάω,1830,false","α-stamme"
"ἐξέρχομαι,1831,false","χ-stamme"
"ἔξεστι(ν),1832,false","uregelmæssig "
"ἐξετάζω,1833,false","ζ-stamme"
"ἐξηγέομαι,1834,false","ε-stamme"
"ἐξηχέω,1837,false","ε-stamme"
"ἐξίστημι,1839,false","μι-verbum"
"ἐξισχύω,1840,false","υ-stamme"
"ἐξολεθρεύω,1842,false","ευ-stamme"
"ἐξομολογέω,1843,false","ε-stamme"
"ἐξορκίζω,1844,false","ζ-stamme"
"ἐξορύσσω,1846,false","κ-stamme"
"ἐξουδενέω,1847,false","ε-stamme"
"ἐξουθενέω,1848,false","ε-stamme"
"ἐξουσιάζω,1850,false","ζ-stamme"
"ἐξυπνίζω,1852,false","ζ-stamme"
"ἐξωθέω,1856,false","ε-stamme"
"ἔοικα,1503,false","uregelmæssig "
"ἑορτάζω,1858,false","ζ-stamme"
"ἐπαγγέλλομαι,1861,false","λ-stamme"
"ἐπάγω,1863,false","γ-stamme"
"ἐπαγωνίζομαι,1864,false","ζ-stamme"
"ἐπαθροίζω,1865,false","ζ-stamme"
"ἐπαινέω,1867,false","ε-stamme"
"ἐπαίρω,1869,false","ρ-stamme"
"ἐπαισχύνομαι,1870,false","ν-stamme"
"ἐπαιτέω,1871,false","ε-stamme"
"ἐπακολουθέω,1872,false","ε-stamme"
"ἐπακούω,1873,false","υ-stamme"
"ἐπακροάομαι,1874,false","α-stamme"
"ἐπανάγω,1877,false","γ-stamme"
"ἐπαναμιμνῄσκω,1878,false","σκ-verbum"
"ἐπαναπαύομαι,1879,false","υ-stamme"
"ἐπανέρχομαι,1880,false","χ-stamme"
"ἐπανίστημι,1881,false","μι-verbum"
"ἐπαρκέω,1884,false","ε-stamme"
"ἐπαφρίζω,1890,false","ζ-stamme"
"ἐπεγείρω,1892,false","ρ-stamme"
"ἐπεῖδον,1896,false","uregelmæssig "
"ἔπειμι,1966,false","μι-verbum"
"ἐπεισελεύσεται,1904,true","χ-stamme"
"ἐπεκτείνομαι,1901,false","ν-stamme"
"ἐπενδύω,1902,false","υ-stamme"
"ἐπέρχομαι,1904,false","χ-stamme"
"ἐπερωτάω,1905,false","α-stamme"
"ἐπέχω,1907,false","χ-stamme"
"ἐπηρεάζω,1908,false","ζ-stamme"
"ἐπιβαίνω,1910,false","ν-stamme"
"ἐπιβάλλω,1911,false","λ-stamme"
"ἐπιβαρέω,1912,false","ε-stamme"
"ἐπιβιβάζω,1913,false","ζ-stamme"
"ἐπιβλέπω,1914,false","π-stamme"
"ἐπιγαμβρεύω,1918,false","ευ-stamme"
"ἐπιγίνομαι,1920,false","ν-stamme"
"ἐπιγινώσκω,1921,false","σκ-verbum"
"ἐπιγράφω,1924,false","φ-stamme"
"ἐπιδείκνυμι,1925,false","μι-verbum"
"ἐπιδέχομαι,1926,false","χ-stamme"
"ἐπιδημέω,1927,false","ε-stamme"
"ἐπιδιατάσσομαι,1928,false","κ-stamme"
"ἐπιδίδωμι,1929,false","μι-verbum"
"ἐπιδιορθόω,1930,false","ο-stamm"
"ἐπιδύω,1931,false","υ-stamme"
"ἐπιζητέω,1934,false","ε-stamme"
"ἐπιθυμέω,1937,false","ε-stamme"
"ἐπικαθίζω,1940,false","ζ-stamme"
"ἐπικαλέω,1941,false","ε-stamme"
"ἐπικαλύπτω,1943,false","π-stamme"
"ἐπίκειμαι,1945,false","μι-verbum"
"ἐπικέλλω,2027,true","λ-stamme"
"ἐπικρίνω,1948,false","ν-stamme"
"ἐπιλαμβάνομαι,1949,false","ν-stamme"
"ἐπιλανθάνομαι,1950,false","ν-stamme"
"ἐπιλέγω,1951,false","γ-stamme"
"ἐπιλείπω,1952,false","π-stamme"
"ἐπιλείχω,621,true","χ-stamme"
"ἐπιλύω,1956,false","υ-stamme"
"ἐπιμαρτυρέω,1957,false","ε-stamme"
"ἐπιμελέομαι,1959,false","ε-stamme"
"ἐπιμένω,1961,false","ν-stamme"
"ἐπινεύω,1962,false","ευ-stamme"
"ἐπιορκέω,1964,false","ε-stamme"
"ἐπιπίπτω,1968,false","π-stamme"
"ἐπιπλήσσω,1969,false","κ-stamme"
"ἐπιποθέω,1971,false","ε-stamme"
"ἐπιπορεύομαι,1975,false","ευ-stamme"
"ἐπιράπτω,1976,false","π-stamme"
"ἐπιρίπτω,1977,false","π-stamme"
"ἐπισκέπτομαι,1980,false","π-stamme"
"ἐπισκευάζομαι,643,true","ζ-stamme"
"ἐπισκηνόω,1981,false","ο-stamm"
"ἐπισκιάζω,1982,false","ζ-stamme"
"ἐπισκοπέω,1983,false","ε-stamme"
"ἐπισπάομαι,1986,false","α-stamme"
"ἐπισπείρω,4687,true","ρ-stamme"
"ἐπίσταμαι,1987,false","μι-verbum"
"ἐπιστέλλω,1989,false","λ-stamme"
"ἐπιστηρίζω,1991,false","ζ-stamme"
"ἐπιστομίζω,1993,false","ζ-stamme"
"ἐπιστρέφω,1994,false","φ-stamme"
"ἐπισυνάγω,1996,false","γ-stamme"
"ἐπισυντρέχω,1998,false","χ-stamme"
"ἐπισχύω,2001,false","υ-stamme"
"ἐπισωρεύω,2002,false","ευ-stamme"
"ἐπιτάσσω,2004,false","κ-stamme"
"ἐπιτελέω,2005,false","ε-stamme"
"ἐπιτίθημι,2007,false","μι-verbum"
"ἐπιτιμάω,2008,false","α-stamme"
"ἐπιτρέπω,2010,false","π-stamme"
"ἐπιτυγχάνω,2013,false","ν-stamme"
"ἐπιφαίνω,2014,false","ν-stamme"
"ἐπιφαύσκω,2017,false","σκ-verbum"
"ἐπιφέρω,2018,false","ρ-stamme"
"ἐπιφωνέω,2019,false","ε-stamme"
"ἐπιφώσκω,2020,false","σκ-verbum"
"ἐπιχειρέω,2021,false","ε-stamme"
"ἐπιχέω,2022,false","ε-stamme"
"ἐπιχορηγέω,2023,false","ε-stamme"
"ἐπιχρίω,2025,false","ι-stamme"
"ἐποικοδομέω,2026,false","ε-stamme"
"ἐπονομάζω,2028,false","ζ-stamme"
"ἐποπτεύω,2029,false","ευ-stamme"
"ἐραυνάω,2045,false","α-stamme"
"ἐργάζομαι,2038,false","ζ-stamme"
"ἐρεθίζω,2042,false","ζ-stamme"
"ἐρείδω,2043,false","δ-stamme"
"ἐρεύγομαι,2044,false","γ-stamme"
"ἐρημόω,2049,false","ο-stamm"
"ἐρίζω,2051,false","ζ-stamme"
"ἑρμηνεύω,2059,false","ευ-stamme"
"ἔρχομαι,2064,false","χ-stamme"
"ἐρωτάω,2065,false","α-stamme"
"ἐσθίω,2068,false","ι-stamme"
"ἐσθίω,5315,false","ι-stamme"
"ἑτεροδιδασκαλέω,2085,false","ε-stamme"
"ἑτεροζυγέω,2086,false","ε-stamme"
"ἑτοιμάζω,2090,false","ζ-stamme"
"εὐαγγελίζω,2097,false","ζ-stamme"
"εὐαρεστέω,2100,false","ε-stamme"
"εὐδοκέω,2106,false","ε-stamme"
"εὐεργετέω,2109,false","ε-stamme"
"εὐθυδρομέω,2113,false","ε-stamme"
"εὐθυμέω,2114,false","ε-stamme"
"εὐθύνω,2116,false","ν-stamme"
"εὐκαιρέω,2119,false","ε-stamme"
"εὐλαβέομαι,2125,false","ε-stamme"
"εὐλογέω,2127,false","ε-stamme"
"εὐνοέω,2132,false","ε-stamme"
"εὐνουχίζω,2134,false","ζ-stamme"
"εὐοδόω,2137,false","ο-stamm"
"εὐπορέω,2141,false","ε-stamme"
"εὐπροσωπέω,2146,false","ε-stamme"
"εὑρίσκω,2147,false","σκ-verbum"
"εὐσεβέω,2151,false","ε-stamme"
"εὐφορέω,2164,false","ε-stamme"
"εὐφραίνω,2165,false","ν-stamme"
"εὐχαριστέω,2168,false","ε-stamme"
"εὔχομαι,2172,false","χ-stamme"
"εὐψυχέω,2174,false","ε-stamme"
"ἐφάλλομαι,2177,false","λ-stamme"
"ἐφικνέομαι,2185,false","ε-stamme"
"ἐφίστημι,2186,false","μι-verbum"
"ἔχω,2192,false","χ-stamme"
"ζάω,2198,false","η-stamme"
"ζέω,2204,false","ε-stamme"
"ζηλεύω,2206,true","ευ-stamme"
"ζηλόω,2206,false","ο-stamm"
"ζημιόω,2210,false","ο-stamm"
"ζητέω,2212,false","ε-stamme"
"ζυμόω,2220,false","ο-stamm"
"ζωγρέω,2221,false","ε-stamme"
"ζωννύω,2224,false","υ-stamme"
"ζῳογονέω,2225,false","ε-stamme"
"ζῳοποιέω,2227,false","ε-stamme"
"ἡγεμονεύω,2230,false","ευ-stamme"
"ἡγέομαι,2233,false","ε-stamme"
"ἥκω,2240,false","κ-stamme"
"ἡσσάομαι,2274,false","α-stamme"
"ἡσυχάζω,2270,false","ζ-stamme"
"ἠχέω,2278,false","ε-stamme"
"θάλπω,2282,false","π-stamme"
"θαμβέω,2284,false","ε-stamme"
"θανατόω,2289,false","ο-stamm"
"θάπτω,2290,false","π-stamme"
"θαρρέω,2292,false","ε-stamme"
"θαρσέω,2293,false","ε-stamme"
"θαυμάζω,2296,false","ζ-stamme"
"θεάομαι,2300,false","α-stamme"
"θεατρίζω,2301,false","ζ-stamme"
"θέλω,2309,false","λ-stamme"
"θεμελιόω,2311,false","ο-stamm"
"θεραπεύω,2323,false","ευ-stamme"
"θερίζω,2325,false","ζ-stamme"
"θερμαίνω,2328,false","ν-stamme"
"θεωρέω,2334,false","ε-stamme"
"θηλάζω,2337,false","ζ-stamme"
"θηρεύω,2340,false","ευ-stamme"
"θηριομαχέω,2341,false","ε-stamme"
"θησαυρίζω,2343,false","ζ-stamme"
"θιγγάνω,2345,false","ν-stamme"
"θλίβω,2346,false","β-stamme"
"θνῄσκω,2348,false","σκ-verbum"
"θορυβάζω,2350,true","ζ-stamme"
"θορυβέω,2350,false","ε-stamme"
"θραύω,2352,false","υ-stamme"
"θρηνέω,2354,false","ε-stamme"
"θριαμβεύω,2358,false","ευ-stamme"
"θροέω,2360,false","ε-stamme"
"θυμιάω,2370,false","α-stamme"
"θυμομαχέω,2371,false","ε-stamme"
"θυμόω,2373,false","ο-stamm"
"θύω,2380,false","υ-stamme"
"ἰάομαι,2390,false","α-stamme"
"ἱερατεύω,2407,false","ευ-stamme"
"ἱεροσυλέω,2416,false","ε-stamme"
"ἱερουργέω,2418,false","ε-stamme"
"ἱκανόω,2427,false","ο-stamm"
"ἱλάσκομαι,2433,false","κ-stamme"
"ἱματίζω,2439,false","ζ-stamme"
"Ἰουδαΐζω,2450,false","ζ-stamme"
"ἵστημι,2476,false","μι-verbum"
"ἱστορέω,2477,false","ε-stamme"
"ἰσχύω,2480,false","υ-stamme"
"καθαιρέω,2507,false","ε-stamme"
"καθαίρω,2508,false","ρ-stamme"
"καθάπτω,2510,false","π-stamme"
"καθαρίζω,2511,false","ζ-stamme"
"καθέζομαι,2516,false","ζ-stamme"
"καθεύδω,2518,false","δ-stamme"
"καθήκω,2520,false","κ-stamme"
"κάθημαι,2521,false","μι-verbum"
"καθίζω,2523,false","ζ-stamme"
"καθίημι,2524,false","μι-verbum"
"καθίστημι,2525,false","μι-verbum"
"καθοπλίζω,2528,false","ζ-stamme"
"καθοράω,2529,false","α-stamme"
"καίω,2545,false","ι-stamme"
"κακολογέω,2551,false","ε-stamme"
"κακοπαθέω,2553,false","ε-stamme"
"κακοποιέω,2554,false","ε-stamme"
"κακουχέω,2558,false","ε-stamme"
"κακόω,2559,false","ο-stamm"
"καλέω,2564,false","ε-stamme"
"καλοποιέω,2569,false","ε-stamme"
"καλύπτω,2572,false","π-stamme"
"καμμύω,2576,false","υ-stamme"
"κάμνω,2577,false","ν-stamme"
"κάμπτω,2578,false","π-stamme"
"καπηλεύω,2585,false","ευ-stamme"
"καρποφορέω,2592,false","ε-stamme"
"καρτερέω,2594,false","ε-stamme"
"καταβαίνω,2597,false","ν-stamme"
"καταβάλλω,2598,false","λ-stamme"
"καταβαρέω,2599,false","ε-stamme"
"καταβαρύνω,2599,true","ν-stamme"
"καταβραβεύω,2603,false","ευ-stamme"
"καταγγέλλω,2605,false","λ-stamme"
"καταγελάω,2606,false","α-stamme"
"καταγινώσκω,2607,false","σκ-verbum"
"κατάγνυμι,2608,false","μι-verbum"
"κατάγω,2609,false","γ-stamme"
"καταγωνίζομαι,2610,false","ζ-stamme"
"καταδέω,2611,false","ε-stamme"
"καταδικάζω,2613,false","ζ-stamme"
"καταδιώκω,2614,false","κ-stamme"
"καταδουλόω,2615,false","ο-stamm"
"καταδυναστεύω,2616,false","ευ-stamme"
"καταθεματίζω,2653,false","ζ-stamme"
"καταισχύνω,2617,false","ν-stamme"
"κατακαίω,2618,false","ι-stamme"
"κατακαλύπτω,2619,false","π-stamme"
"κατακαυχάομαι,2620,false","α-stamme"
"κατάκειμαι,2621,false","μι-verbum"
"κατακλάω,2622,false","α-stamme"
"κατακλείω,2623,false","ι-stamme"
"κατακληρονομέω,2624,false","ε-stamme"
"κατακλίνω,2625,false","ν-stamme"
"κατακλύζω,2626,false","ζ-stamme"
"κατακολουθέω,2628,false","ε-stamme"
"κατακόπτω,2629,false","π-stamme"
"κατακρημνίζω,2630,false","ζ-stamme"
"κατακρίνω,2632,false","ν-stamme"
"κατακυριεύω,2634,false","ευ-stamme"
"καταλαλέω,2635,false","ε-stamme"
"καταλαμβάνω,2638,false","ν-stamme"
"καταλέγω,2639,false","γ-stamme"
"καταλείπω,2641,false","π-stamme"
"καταλιθάζω,2642,false","ζ-stamme"
"καταλλάσσω,2644,false","κ-stamme"
"καταλύω,2647,false","υ-stamme"
"καταμανθάνω,2648,false","ν-stamme"
"καταμαρτυρέω,2649,false","ε-stamme"
"καταμένω,2650,false","ν-stamme"
"καταναλίσκω,2654,false","σκ-verbum"
"καταναρκάω,2655,false","α-stamme"
"κατανεύω,2656,false","ευ-stamme"
"κατανοέω,2657,false","ε-stamme"
"καταντάω,2658,false","α-stamme"
"κατανύσσομαι,2660,false","κ-stamme"
"καταξιόω,2661,false","ο-stamm"
"καταπατέω,2662,false","ε-stamme"
"καταπαύω,2664,false","υ-stamme"
"καταπίνω,2666,false","ν-stamme"
"καταπίπτω,2667,false","π-stamme"
"καταπλέω,2668,false","ε-stamme"
"καταπονέω,2669,false","ε-stamme"
"καταποντίζω,2670,false","ζ-stamme"
"καταράομαι,2672,false","α-stamme"
"καταργέω,2673,false","ε-stamme"
"καταριθμέω,2674,false","ε-stamme"
"καταρτίζω,2675,false","ζ-stamme"
"κατασείω,2678,false","ι-stamme"
"κατασκάπτω,2679,false","π-stamme"
"κατασκευάζω,2680,false","ζ-stamme"
"κατασκηνόω,2681,false","ο-stamm"
"κατασκιάζω,2683,false","ζ-stamme"
"κατασκοπέω,2684,false","ε-stamme"
"κατασοφίζομαι,2686,false","ζ-stamme"
"καταστέλλω,2687,false","λ-stamme"
"καταστρέφω,2690,false","φ-stamme"
"καταστρηνιάω,2691,false","α-stamme"
"καταστρώννυμι,2693,false","μι-verbum"
"κατασύρω,2694,false","ρ-stamme"
"κατασφάζω,2695,false","ζ-stamme"
"κατασφραγίζω,2696,false","ζ-stamme"
"κατατίθημι,2698,false","μι-verbum"
"κατατρέχω,2701,false","χ-stamme"
"καταφέρω,2702,false","ρ-stamme"
"καταφεύγω,2703,false","γ-stamme"
"καταφθείρω,2704,false","ρ-stamme"
"καταφιλέω,2705,false","ε-stamme"
"καταφρονέω,2706,false","ε-stamme"
"καταχέω,2708,false","ε-stamme"
"καταχράομαι,2710,false","η-stamme"
"καταψύχω,2711,false","χ-stamme"
"κατεξουσιάζω,2715,false","ζ-stamme"
"κατεργάζομαι,2716,false","ζ-stamme"
"κατέρχομαι,2718,false","χ-stamme"
"κατεσθίω,2719,false","ι-stamme"
"κατευθύνω,2720,false","ν-stamme"
"κατευλογέω,2127,true","ε-stamme"
"κατεφίστημι,2721,false","μι-verbum"
"κατέχω,2722,false","χ-stamme"
"κατηγορέω,2723,false","ε-stamme"
"κατηχέω,2727,false","ε-stamme"
"κατιόω,2728,false","ο-stamm"
"κατισχύω,2729,false","υ-stamme"
"κατοικέω,2730,false","ε-stamme"
"κατοικίζω,2730,true","ζ-stamme"
"κατοπτρίζω,2734,false","ζ-stamme"
"καυματίζω,2739,false","ζ-stamme"
"καυσόω,2741,false","ο-stamm"
"καυστηριάζω,2743,false","ζ-stamme"
"καυχάομαι,2744,false","α-stamme"
"κεῖμαι,2749,false","μι-verbum"
"κείρω,2751,false","ρ-stamme"
"κελεύω,2753,false","ευ-stamme"
"κενόω,2758,false","ο-stamm"
"κεράννυμι,2767,false","μι-verbum"
"κερδαίνω,2770,false","ν-stamme"
"κεφαλιόω,2775,false","ο-stamm"
"κημόω,5392,true","ο-stamm"
"κηρύσσω,2784,false","κ-stamme"
"κιθαρίζω,2789,false","ζ-stamme"
"κινδυνεύω,2793,false","ευ-stamme"
"κινέω,2795,false","ε-stamme"
"κίχρημι,5531,false","μι-verbum"
"κλαίω,2799,false","ι-stamme"
"κλάω,2806,false","α-stamme"
"κλείω,2808,false","ι-stamme"
"κλέπτω,2813,false","π-stamme"
"κληρονομέω,2816,false","ε-stamme"
"κληρόω,2820,false","ο-stamm"
"κλίνω,2827,false","ν-stamme"
"κλυδωνίζομαι,2831,false","ζ-stamme"
"κνήθω,2833,false","θ-stamme"
"κοιμάομαι,2837,false","α-stamme"
"κοινόω,2840,false","ο-stamm"
"κοινωνέω,2841,false","ε-stamme"
"κολάζω,2849,false","ζ-stamme"
"κολαφίζω,2852,false","ζ-stamme"
"κολλάω,2853,false","α-stamme"
"κολοβόω,2856,false","ο-stamm"
"κολυμβάω,2860,false","α-stamme"
"κομάω,2863,false","α-stamme"
"κομίζω,2865,false","ζ-stamme"
"κονιάω,2867,false","α-stamme"
"κοπάζω,2869,false","ζ-stamme"
"κοπιάω,2872,false","α-stamme"
"κόπτω,2875,false","π-stamme"
"κορέννυμι,2880,false","μι-verbum"
"κοσμέω,2885,false","ε-stamme"
"κουφίζω,2893,false","ζ-stamme"
"κράζω,2896,false","ζ-stamme"
"κραταιόω,2901,false","ο-stamm"
"κρατέω,2902,false","ε-stamme"
"κραυγάζω,2905,false","ζ-stamme"
"κρεμάννυμι,2910,false","μι-verbum"
"κρίνω,2919,false","ν-stamme"
"κρούω,2925,false","υ-stamme"
"κρύπτω,2928,false","π-stamme"
"κρυσταλλίζω,2929,false","ζ-stamme"
"κτάομαι,2932,false","α-stamme"
"κτίζω,2936,false","ζ-stamme"
"κυκλεύω,2944,true","ευ-stamme"
"κυκλόω,2944,false","ο-stamm"
"κυλίω,2947,false","ι-stamme"
"κύπτω,2955,false","π-stamme"
"κυριεύω,2961,false","ευ-stamme"
"κυρόω,2964,false","ο-stamm"
"κωλύω,2967,false","υ-stamme"
"λαγχάνω,2975,false","ν-stamme"
"λακάω,2997,false","α-stamme"
"λακτίζω,2979,false","ζ-stamme"
"λαλέω,2980,false","ε-stamme"
"λαμβάνω,2983,false","ν-stamme"
"λάμπω,2989,false","π-stamme"
"λανθάνω,2990,false","ν-stamme"
"λατομέω,2998,false","ε-stamme"
"λατρεύω,3000,false","ευ-stamme"
"λέγω,3004,false","γ-stamme"
"λείπω,3007,false","π-stamme"
"λειτουργέω,3008,false","ε-stamme"
"λευκαίνω,3021,false","ν-stamme"
"λιθάζω,3034,false","ζ-stamme"
"λιθοβολέω,3036,false","ε-stamme"
"λικμάω,3039,false","α-stamme"
"λογίζομαι,3049,false","ζ-stamme"
"λογομαχέω,3054,false","ε-stamme"
"λοιδορέω,3058,false","ε-stamme"
"λούω,3068,false","υ-stamme"
"λυμαίνω,3075,false","ν-stamme"
"λυπέω,3076,false","ε-stamme"
"λυσιτελέω,3081,false","ε-stamme"
"λυτρόω,3084,false","ο-stamm"
"λύω,3089,false","υ-stamme"
"μαγεύω,3096,false","ευ-stamme"
"μαθητεύω,3100,false","ευ-stamme"
"μαίνομαι,3105,false","ν-stamme"
"μακαρίζω,3106,false","ζ-stamme"
"μακροθυμέω,3114,false","ε-stamme"
"μανθάνω,3129,false","ν-stamme"
"μαντεύομαι,3132,false","ευ-stamme"
"μαραίνω,3133,false","ν-stamme"
"μαρτυρέω,3140,false","ε-stamme"
"μαρτύρομαι,3143,false","ρ-stamme"
"μασάομαι,3145,false","α-stamme"
"μαστιγόω,3146,false","ο-stamm"
"μαστίζω,3147,false","ζ-stamme"
"ματαιόω,3154,false","ο-stamm"
"μάχομαι,3164,false","χ-stamme"
"μεγαλύνω,3170,false","ν-stamme"
"μεθερμηνεύω,3177,false","ευ-stamme"
"μεθίστημι,3179,false","μι-verbum"
"μεθύσκω,3182,false","σκ-verbum"
"μεθύω,3184,false","υ-stamme"
"μέλει,3199,false","λ-stamme"
"μελετάω,3191,false","α-stamme"
"μέλλω,3195,false","λ-stamme"
"μέμφομαι,3201,false","φ-stamme"
"μένω,3306,false","ν-stamme"
"μερίζω,3307,false","ζ-stamme"
"μεριμνάω,3309,false","α-stamme"
"μεσιτεύω,3315,false","ευ-stamme"
"μεσόω,3322,false","ο-stamm"
"μεστόω,3325,false","ο-stamm"
"μεταβαίνω,3327,false","ν-stamme"
"μεταβάλλω,3328,false","λ-stamme"
"μετάγω,3329,false","γ-stamme"
"μεταδίδωμι,3330,false","μι-verbum"
"μεταίρω,3332,false","ρ-stamme"
"μετακαλέω,3333,false","ε-stamme"
"μετακινέω,3334,false","ε-stamme"
"μεταλαμβάνω,3335,false","ν-stamme"
"μεταλλάσσω,3337,false","κ-stamme"
"μεταμέλομαι,3338,false","λ-stamme"
"μεταμορφόω,3339,false","ο-stamm"
"μετανοέω,3340,false","ε-stamme"
"μεταπέμπω,3343,false","π-stamme"
"μεταστρέφω,3344,false","φ-stamme"
"μετασχηματίζω,3345,false","ζ-stamme"
"μετατίθημι,3346,false","μι-verbum"
"μετατρέπω,3344,true","π-stamme"
"μετέχω,3348,false","χ-stamme"
"μετεωρίζομαι,3349,false","ζ-stamme"
"μετοικίζω,3351,false","ζ-stamme"
"μετρέω,3354,false","ε-stamme"
"μετριοπαθέω,3356,false","ε-stamme"
"μηκύνω,3373,false","ν-stamme"
"μηνύω,3377,false","υ-stamme"
"μιαίνω,3392,false","ν-stamme"
"μίγνυμι,3396,false","μι-verbum"
"μιμέομαι,3401,false","ε-stamme"
"μιμνῄσκω,3403,false","σκ-verbum"
"μισέω,3404,false","ε-stamme"
"μισθόω,3409,false","ο-stamm"
"μνημονεύω,3421,false","ευ-stamme"
"μνηστεύω,3423,false","ευ-stamme"
"μοιχάω,3429,false","α-stamme"
"μοιχεύω,3431,false","ευ-stamme"
"μολύνω,3435,false","ν-stamme"
"μονόω,3443,false","ο-stamm"
"μορφόω,3445,false","ο-stamm"
"μοσχοποιέω,3447,false","ε-stamme"
"μυέω,3453,false","ε-stamme"
"μυκάομαι,3455,false","α-stamme"
"μυκτηρίζω,3456,false","ζ-stamme"
"μυρίζω,3462,false","ζ-stamme"
"μυωπάζω,3467,false","ζ-stamme"
"μωμάομαι,3469,false","α-stamme"
"μωραίνω,3471,false","ν-stamme"
"ναυαγέω,3489,false","ε-stamme"
"νεκρόω,3499,false","ο-stamm"
"νεύω,3506,false","ευ-stamme"
"νήθω,3514,false","θ-stamme"
"νηπιάζω,3515,false","ζ-stamme"
"νηστεύω,3522,false","ευ-stamme"
"νήφω,3525,false","φ-stamme"
"νικάω,3528,false","α-stamme"
"νίπτω,3538,false","π-stamme"
"νοέω,3539,false","ε-stamme"
"νομίζω,3543,false","ζ-stamme"
"νομοθετέω,3549,false","ε-stamme"
"νοσέω,3552,false","ε-stamme"
"νοσφίζω,3557,false","ζ-stamme"
"νουθετέω,3560,false","ε-stamme"
"νύσσω,3572,false","κ-stamme"
"νυστάζω,3573,false","ζ-stamme"
"ξενίζω,3579,false","ζ-stamme"
"ξενοδοχέω,3580,false","ε-stamme"
"ξηραίνω,3583,false","ν-stamme"
"ξυράω,3587,false","α-stamme"
"ὁδεύω,3593,false","ευ-stamme"
"ὁδηγέω,3594,false","ε-stamme"
"ὁδοιπορέω,3596,false","ε-stamme"
"ὀδυνάω,3600,false","α-stamme"
"ὄζω,3605,false","ζ-stamme"
"οἶδα,1492,false","uregelmæssig "
"οἰκέω,3611,false","ε-stamme"
"οἰκοδεσποτέω,3616,false","ε-stamme"
"οἰκοδομέω,3618,false","ε-stamme"
"οἰκονομέω,3621,false","ε-stamme"
"οἰκτίρω,3627,false","ρ-stamme"
"οἴομαι,3633,false","ι-stamme"
"ὀκνέω,3635,false","ε-stamme"
"ὀλιγωρέω,3643,false","ε-stamme"
"ὀλοθρεύω,3645,false","ευ-stamme"
"ὀλολύζω,3649,false","ζ-stamme"
"ὁμείρομαι,2442,false","ρ-stamme"
"ὁμιλέω,3656,false","ε-stamme"
"ὀμνύω,3660,false","υ-stamme"
"ὁμοιόω,3666,false","ο-stamm"
"ὁμολογέω,3670,false","ε-stamme"
"ὀνειδίζω,3679,false","ζ-stamme"
"ὀνίνημι,3685,false","μι-verbum"
"ὀνομάζω,3687,false","ζ-stamme"
"ὁπλίζω,3695,false","ζ-stamme"
"ὀπτάνομαι,3700,false","ν-stamme"
"ὁράω,3708,false","α-stamme"
"ὀργίζω,3710,false","ζ-stamme"
"ὀρέγω,3713,false","γ-stamme"
"ὀρθοποδέω,3716,false","ε-stamme"
"ὀρθοτομέω,3718,false","ε-stamme"
"ὀρθρίζω,3719,false","ζ-stamme"
"ὁρίζω,3724,false","ζ-stamme"
"ὁρκίζω,3726,false","ζ-stamme"
"ὁρμάω,3729,false","α-stamme"
"ὀρύσσω,3736,false","κ-stamme"
"ὀρχέομαι,3738,false","ε-stamme"
"ὀφείλω,3784,false","λ-stamme"
"ὄφελον,3785,false","λ-stamme"
"ὀχλέω,3791,false","ε-stamme"
"ὀχλοποιέω,3792,false","ε-stamme"
"παγιδεύω,3802,false","ευ-stamme"
"παιδεύω,3811,false","ευ-stamme"
"παίζω,3815,false","ζ-stamme"
"παίω,3817,false","ι-stamme"
"παλαιόω,3822,false","ο-stamm"
"παραβαίνω,3845,false","ν-stamme"
"παραβάλλω,3846,false","λ-stamme"
"παραβιάζομαι,3849,false","ζ-stamme"
"παραβολεύομαι,3851,true","ευ-stamme"
"παραγγέλλω,3853,false","λ-stamme"
"παραγίνομαι,3854,false","ν-stamme"
"παράγω,3855,false","γ-stamme"
"παραδειγματίζω,3856,false","ζ-stamme"
"παραδέχομαι,3858,false","χ-stamme"
"παραδίδωμι,3860,false","μι-verbum"
"παραζηλόω,3863,false","ο-stamm"
"παραθεωρέω,3865,false","ε-stamme"
"παραινέω,3867,false","ε-stamme"
"παραιτέομαι,3868,false","ε-stamme"
"παρακαθέζομαι,3869,true","ζ-stamme"
"παρακαλέω,3870,false","ε-stamme"
"παρακαλύπτω,3871,false","π-stamme"
"παράκειμαι,3873,false","μι-verbum"
"παρακολουθέω,3877,false","ε-stamme"
"παρακούω,3878,false","υ-stamme"
"παρακύπτω,3879,false","π-stamme"
"παραλαμβάνω,3880,false","ν-stamme"
"παραλέγομαι,3881,false","γ-stamme"
"παραλογίζομαι,3884,false","ζ-stamme"
"παραλύω,3886,false","υ-stamme"
"παραμένω,3887,false","ν-stamme"
"παραμυθέομαι,3888,false","ε-stamme"
"παρανομέω,3891,false","ε-stamme"
"παραπικραίνω,3893,false","ν-stamme"
"παραπίπτω,3895,false","π-stamme"
"παραπλέω,3896,false","ε-stamme"
"παραπορεύομαι,3899,false","ευ-stamme"
"παραρρέω,3901,false","ε-stamme"
"παρασκευάζω,3903,false","ζ-stamme"
"παρατείνω,3905,false","ν-stamme"
"παρατηρέω,3906,false","ε-stamme"
"παρατίθημι,3908,false","μι-verbum"
"παρατυγχάνω,3909,false","ν-stamme"
"παραφέρω,3911,false","ρ-stamme"
"παραφρονέω,3912,false","ε-stamme"
"παραχειμάζω,3914,false","ζ-stamme"
"παρεδρεύω,4332,true","ευ-stamme"
"πάρειμι,3918,false","μι-verbum"
"παρεισάγω,3919,false","γ-stamme"
"παρεισδύω,3921,false","υ-stamme"
"παρεισέρχομαι,3922,false","χ-stamme"
"παρεισφέρω,3923,false","ρ-stamme"
"παρεμβάλλω,3925,true","λ-stamme"
"παρενοχλέω,3926,false","ε-stamme"
"παρέρχομαι,3928,false","χ-stamme"
"παρέχω,3930,false","χ-stamme"
"παρίημι,3935,false","μι-verbum"
"παρίστημι,3936,false","μι-verbum"
"παροικέω,3939,false","ε-stamme"
"παροίχομαι,3944,false","χ-stamme"
"παρομοιάζω,3945,false","ζ-stamme"
"παροξύνω,3947,false","ν-stamme"
"παροργίζω,3949,false","ζ-stamme"
"παροτρύνω,3951,false","ν-stamme"
"παρρησιάζομαι,3955,false","ζ-stamme"
"πάσχω,3958,false","χ-stamme"
"πατάσσω,3960,false","κ-stamme"
"πατέω,3961,false","ε-stamme"
"παύω,3973,false","υ-stamme"
"παχύνω,3975,false","ν-stamme"
"πεζεύω,3978,false","ευ-stamme"
"πειθαρχέω,3980,false","ε-stamme"
"πείθω,3982,false","θ-stamme"
"πεινάω,3983,false","α-stamme"
"πειράζω,3985,false","ζ-stamme"
"πειράομαι,3987,false","α-stamme"
"πελεκίζω,3990,false","ζ-stamme"
"πέμπω,3992,false","π-stamme"
"πενθέω,3996,false","ε-stamme"
"περιάγω,4013,false","γ-stamme"
"περιαιρέω,4014,false","ε-stamme"
"περιάπτω,681,true","π-stamme"
"περιαστράπτω,4015,false","π-stamme"
"περιβάλλω,4016,false","λ-stamme"
"περιβλέπω,4017,false","π-stamme"
"περιδέω,4019,false","ε-stamme"
"περιεργάζομαι,4020,false","ζ-stamme"
"περιέρχομαι,4022,false","χ-stamme"
"περιέχω,4023,false","χ-stamme"
"περιζώννυμι,4024,false","μι-verbum"
"περιΐστημι,4026,false","μι-verbum"
"περικαλύπτω,4028,false","π-stamme"
"περίκειμαι,4029,false","μι-verbum"
"περικρύβω,4032,false","β-stamme"
"περικυκλόω,4033,false","ο-stamm"
"περιλάμπω,4034,false","π-stamme"
"περιλείπομαι,4035,false","π-stamme"
"περιμένω,4037,false","ν-stamme"
"περιοικέω,4039,false","ε-stamme"
"περιπατέω,4043,false","ε-stamme"
"περιπείρω,4044,false","ρ-stamme"
"περιπίπτω,4045,false","π-stamme"
"περιποιέω,4046,false","ε-stamme"
"περιρήγνυμι,4048,false","μι-verbum"
"περισπάω,4049,false","α-stamme"
"περισσεύω,4052,false","ευ-stamme"
"περιτέμνω,4059,false","ν-stamme"
"περιτίθημι,4060,false","μι-verbum"
"περιτρέπω,4062,false","π-stamme"
"περιτρέχω,4063,false","χ-stamme"
"περιφέρω,4064,false","ρ-stamme"
"περιφρονέω,4065,false","ε-stamme"
"περπερεύομαι,4068,false","ευ-stamme"
"πέτομαι,4072,false","τ-stamme"
"πήγνυμι,4078,false","μι-verbum"
"πιάζω,4084,false","ζ-stamme"
"πιέζω,4085,false","ζ-stamme"
"πικραίνω,4087,false","ν-stamme"
"πίμπλημι,4130,false","μι-verbum"
"πίμπρημι,4092,false","μι-verbum"
"πίνω,4095,false","ν-stamme"
"πιπράσκω,4097,false","σκ-verbum"
"πίπτω,4098,false","π-stamme"
"πιστεύω,4100,false","ευ-stamme"
"πιστόω,4104,false","ο-stamm"
"πλανάω,4105,false","α-stamme"
"πλάσσω,4111,false","κ-stamme"
"πλατύνω,4115,false","ν-stamme"
"πλέκω,4120,false","κ-stamme"
"πλεονάζω,4121,false","ζ-stamme"
"πλεονεκτέω,4122,false","ε-stamme"
"πλέω,4126,false","ε-stamme"
"πληθύνω,4129,false","ν-stamme"
"πληροφορέω,4135,false","ε-stamme"
"πληρόω,4137,false","ο-stamm"
"πλήσσω,4141,false","κ-stamme"
"πλουτέω,4147,false","ε-stamme"
"πλουτίζω,4148,false","ζ-stamme"
"πλύνω,4150,false","ν-stamme"
"πνέω,4154,false","ε-stamme"
"πνίγω,4155,false","γ-stamme"
"ποιέω,4160,false","ε-stamme"
"ποιμαίνω,4165,false","ν-stamme"
"πολεμέω,4170,false","ε-stamme"
"πολιτεύομαι,4176,false","ευ-stamme"
"πορεύομαι,4198,false","ευ-stamme"
"πορθέω,4199,false","ε-stamme"
"πορνεύω,4203,false","ευ-stamme"
"ποτίζω,4222,false","ζ-stamme"
"πραγματευομαι,4231,false","ευ-stamme"
"πράσσω,4238,false","κ-stamme"
"πρέπω,4241,false","π-stamme"
"πρεσβεύω,4243,false","ευ-stamme"
"πρίζω,4249,false","ζ-stamme"
"προάγω,4254,false","γ-stamme"
"προαιρέω,4255,false","ε-stamme"
"προαιτιάομαι,4256,false","α-stamme"
"προακούω,4257,false","υ-stamme"
"προαμαρτάνω,4258,false","ν-stamme"
"προβαίνω,4260,false","ν-stamme"
"προβάλλω,4261,false","λ-stamme"
"προβιβάζω,4264,false","ζ-stamme"
"προβλέπω,4265,false","π-stamme"
"προγίνομαι,4266,false","ν-stamme"
"προγινώσκω,4267,false","σκ-verbum"
"προγράφω,4270,false","φ-stamme"
"προδίδωμι,4272,false","μι-verbum"
"προελπίζω,4276,false","ζ-stamme"
"προενάρχομαι,4278,false","χ-stamme"
"προεπαγγέλλω,4279,false","λ-stamme"
"προέρχομαι,4281,false","χ-stamme"
"προετοιμάζω,4282,false","ζ-stamme"
"προευαγγελίζομαι,4283,false","ζ-stamme"
"προέχω,4284,false","χ-stamme"
"προηγέομαι,4285,false","ε-stamme"
"προΐστημι,4291,false","μι-verbum"
"προκαλέω,4292,false","ε-stamme"
"προκαταγγέλλω,4293,false","λ-stamme"
"προκαταρτίζω,4294,false","ζ-stamme"
"πρόκειμαι,4295,false","μι-verbum"
"προκηρύσσω,4296,false","κ-stamme"
"προκόπτω,4298,false","π-stamme"
"προκυρόω,4300,false","ο-stamm"
"προλαμβάνω,4301,false","ν-stamme"
"προλέγω,4302,false","γ-stamme"
"προμαρτύρομαι,4303,false","ρ-stamme"
"προμελετάω,4304,false","α-stamme"
"προμεριμνάω,4305,false","α-stamme"
"προνοέω,4306,false","ε-stamme"
"προοράω,4308,false","α-stamme"
"προορίζω,4309,false","ζ-stamme"
"προπάσχω,4310,false","χ-stamme"
"προπέμπω,4311,false","π-stamme"
"προπορεύομαι,4313,false","ευ-stamme"
"προσαγορεύω,4316,false","ευ-stamme"
"προσάγω,4317,false","γ-stamme"
"προσαιτέω,4319,false","ε-stamme"
"προσαναβαίνω,4320,false","ν-stamme"
"προσαναπληρόω,4322,false","ο-stamm"
"προσανατίθημι,4323,false","μι-verbum"
"προσαπειλέω,4324,false","ε-stamme"
"προσδαπανάω,4325,false","α-stamme"
"προσδέομαι,4326,false","ε-stamme"
"προσδέχομαι,4327,false","χ-stamme"
"προσδοκάω,4328,false","α-stamme"
"προσεάω,4330,false","α-stamme"
"προσεργάζομαι,4333,false","ζ-stamme"
"προσέρχομαι,4334,false","χ-stamme"
"προσεύχομαι,4336,false","χ-stamme"
"προσέχω,4337,false","χ-stamme"
"προσηλόω,4338,false","ο-stamm"
"προσκαλέω,4341,false","ε-stamme"
"προσκαρτερέω,4342,false","ε-stamme"
"προσκληρόω,4345,false","ο-stamm"
"προσκλίνω,4346,true","ν-stamme"
"προσκολλάω,4347,false","α-stamme"
"προσκόπτω,4350,false","π-stamme"
"προσκυλίω,4351,false","ι-stamme"
"προσκυνέω,4352,false","ε-stamme"
"προσλαλέω,4354,false","ε-stamme"
"προσλαμβάνω,4355,false","ν-stamme"
"προσμένω,4357,false","ν-stamme"
"προσορμίζω,4358,false","ζ-stamme"
"προσοφείλω,4359,false","λ-stamme"
"προσοχθίζω,4360,false","ζ-stamme"
"προσπήγνυμι,4362,false","μι-verbum"
"προσπίπτω,4363,false","π-stamme"
"προσποιέω,4364,false","ε-stamme"
"προσπορεύομαι,4365,false","ευ-stamme"
"προσρήσσω,4366,false","κ-stamme"
"προστάσσω,4367,false","κ-stamme"
"προστίθημι,4369,false","μι-verbum"
"προστρέχω,4370,false","χ-stamme"
"προσφέρω,4374,false","ρ-stamme"
"προσφωνέω,4377,false","ε-stamme"
"προσψαύω,4379,false","υ-stamme"
"προσωπολημπτέω,4380,false","ε-stamme"
"προτείνω,4385,false","ν-stamme"
"προτίθημι,4388,false","μι-verbum"
"προτρέπω,4389,false","π-stamme"
"προτρέχω,4390,false","χ-stamme"
"προϋπάρχω,4391,false","χ-stamme"
"προφέρω,4393,false","ρ-stamme"
"προφητεύω,4395,false","ευ-stamme"
"προφθάνω,4399,false","ν-stamme"
"προχειρίζομαι,4400,false","ζ-stamme"
"προχειροτονέω,4401,false","ε-stamme"
"πρωτεύω,4409,false","ευ-stamme"
"πταίω,4417,false","ι-stamme"
"πτοέω,4422,false","ε-stamme"
"πτύρω,4426,false","ρ-stamme"
"πτύσσω,4428,false","κ-stamme"
"πτύω,4429,false","υ-stamme"
"πτωχεύω,4433,false","ευ-stamme"
"πυκτεύω,4438,false","ευ-stamme"
"πυνθάνομαι,4441,false","ν-stamme"
"πυρέσσω,4445,false","κ-stamme"
"πυρόω,4448,false","ο-stamm"
"πυρράζω,4449,false","ζ-stamme"
"πωλέω,4453,false","ε-stamme"
"πωρόω,4456,false","ο-stamm"
"ῥαβδίζω,4463,false","ζ-stamme"
"ῥαντίζω,4472,false","ζ-stamme"
"ῥαπίζω,4474,false","ζ-stamme"
"ῥέω,4482,false","ε-stamme"
"ῥήγνυμι,4486,false","μι-verbum"
"ῥιζόω,4492,false","ο-stamm"
"ῥιπίζω,4494,false","ζ-stamme"
"ῥίπτω,4495,false","π-stamme"
"ῥίπτω,4496,false","π-stamme"
"ῥύομαι,4506,false","υ-stamme"
"ῥυπαίνω,4510,true","ν-stamme"
"ῥώννυμι,4517,false","μι-verbum"
"σαίνω,4525,false","ν-stamme"
"σαλεύω,4531,false","ευ-stamme"
"σαλπίζω,4537,false","ζ-stamme"
"σαρόω,4563,false","ο-stamm"
"σβέννυμι,4570,false","μι-verbum"
"σεβάζομαι,4573,false","ζ-stamme"
"σέβω,4576,false","β-stamme"
"σείω,4579,false","ι-stamme"
"σεληνιάζομαι,4583,false","ζ-stamme"
"σημαίνω,4591,false","ν-stamme"
"σημειόω,4593,false","ο-stamm"
"σήπω,4595,false","π-stamme"
"σθενόω,4599,false","ο-stamm"
"σιγάω,4601,false","α-stamme"
"σινιάζω,4617,false","ζ-stamme"
"σιωπάω,4623,false","α-stamme"
"σκανδαλίζω,4624,false","ζ-stamme"
"σκάπτω,4626,false","π-stamme"
"σκηνόω,4637,false","ο-stamm"
"σκιρτάω,4640,false","α-stamme"
"σκληρύνω,4645,false","ν-stamme"
"σκοπέω,4648,false","ε-stamme"
"σκορπίζω,4650,false","ζ-stamme"
"σκοτίζω,4654,false","ζ-stamme"
"σκοτόω,4656,false","ο-stamm"
"σκύλλω,4660,false","λ-stamme"
"σμυρνίζω,4669,false","ζ-stamme"
"σοφίζω,4679,false","ζ-stamme"
"σπαράσσω,4682,false","κ-stamme"
"σπαργανόω,4683,false","ο-stamm"
"σπαταλάω,4684,false","α-stamme"
"σπάω,4685,false","α-stamme"
"σπείρω,4687,false","ρ-stamme"
"σπένδω,4689,false","δ-stamme"
"σπεύδω,4692,false","δ-stamme"
"σπιλόω,4695,false","ο-stamm"
"σπλαγχνίζομαι,4697,false","ζ-stamme"
"σπουδάζω,4704,false","ζ-stamme"
"σταυρόω,4717,false","ο-stamm"
"στέγω,4722,false","γ-stamme"
"στέλλω,4724,false","λ-stamme"
"στενάζω,4727,false","ζ-stamme"
"στενοχωρέω,4729,false","ε-stamme"
"στερεόω,4732,false","ο-stamm"
"στεφανόω,4737,false","ο-stamm"
"στήκω,4739,false","κ-stamme"
"στηρίζω,4741,false","ζ-stamme"
"στίλβω,4744,false","β-stamme"
"στοιχέω,4748,false","ε-stamme"
"στρατεύω,4754,false","ευ-stamme"
"στρατολογέω,4758,false","ε-stamme"
"στρεβλόω,4761,false","ο-stamm"
"στρέφω,4762,false","φ-stamme"
"στρηνιάω,4763,false","α-stamme"
"στρωννύω,4766,false","υ-stamme"
"στυγνάζω,4768,false","ζ-stamme"
"συγκάθημαι,4775,false","μι-verbum"
"συγκαθίζω,4776,false","ζ-stamme"
"συγκακοπαθέω,4777,false","ε-stamme"
"συγκακουχέομαι,4778,false","ε-stamme"
"συγκαλέω,4779,false","ε-stamme"
"συγκαλύπτω,4780,false","π-stamme"
"συγκάμπτω,4781,false","π-stamme"
"συγκαταβαίνω,4782,false","ν-stamme"
"συγκατατίθεμαι,4784,false","μι-verbum"
"συγκαταψηφίζομαι,4785,false","ζ-stamme"
"συγκεράννυμι,4786,false","μι-verbum"
"συγκινέω,4787,false","ε-stamme"
"συγκλείω,4788,false","ι-stamme"
"συγκοινωνέω,4790,false","ε-stamme"
"συγκομίζω,4792,false","ζ-stamme"
"συγκρίνω,4793,false","ν-stamme"
"συγκύπτω,4794,false","π-stamme"
"συγχαίρω,4796,false","ρ-stamme"
"συγχέω,4797,false","ε-stamme"
"συγχράομαι,4798,false","η-stamme"
"συζάω,4800,false","η-stamme"
"συζεύγνυμι,4801,false","μι-verbum"
"συζητέω,4802,false","ε-stamme"
"συζωοποιέω,4806,false","ε-stamme"
"συκοφαντέω,4811,false","ε-stamme"
"συλαγωγέω,4812,false","ε-stamme"
"συλάω,4813,false","α-stamme"
"συλλαλέω,4814,false","ε-stamme"
"συλλαμβάνω,4815,false","ν-stamme"
"συλλέγω,4816,false","γ-stamme"
"συλλογίζομαι,4817,false","ζ-stamme"
"συλλυπέω,4818,false","ε-stamme"
"συμβαίνω,4819,false","ν-stamme"
"συμβάλλω,4820,false","λ-stamme"
"συμβασιλεύω,4821,false","ευ-stamme"
"συμβιβάζω,4822,false","ζ-stamme"
"συμβουλεύω,4823,false","ευ-stamme"
"συμμαρτυρέω,4828,false","ε-stamme"
"συμμερίζω,4829,false","ζ-stamme"
"συμμορφίζω,4833,true","ζ-stamme"
"συμπαθέω,4834,false","ε-stamme"
"συμπαραγίνομαι,4836,false","ν-stamme"
"συμπαρακαλέω,4837,false","ε-stamme"
"συμπαραλαμβάνω,4838,false","ν-stamme"
"συμπάρειμι,4840,false","μι-verbum"
"συμπάσχω,4841,false","χ-stamme"
"συμπέμπω,4842,false","π-stamme"
"συμπεριλαμβάνω,4843,false","ν-stamme"
"συμπίνω,4844,false","ν-stamme"
"συμπίπτω,4098,true","π-stamme"
"συμπληρόω,4845,false","ο-stamm"
"συμπνίγω,4846,false","γ-stamme"
"συμπορεύομαι,4848,false","ευ-stamme"
"συμφέρω,4851,false","ρ-stamme"
"σύμφημι,4852,false","μι-verbum"
"συμφύω,4855,false","υ-stamme"
"συμφωνέω,4856,false","ε-stamme"
"συμψηφίζω,4860,false","ζ-stamme"
"συνάγω,4863,false","γ-stamme"
"συναγωνίζομαι,4865,false","ζ-stamme"
"συναθλέω,4866,false","ε-stamme"
"συναθροίζω,4867,false","ζ-stamme"
"συναίρω,4868,false","ρ-stamme"
"συνακολουθέω,4870,false","ε-stamme"
"συναλίζομαι,4871,false","ζ-stamme"
"συναλλάσσω,4900,true","κ-stamme"
"συναναβαίνω,4872,false","ν-stamme"
"συνανάκειμαι,4873,false","μι-verbum"
"συναναμίγνυμι,4874,false","μι-verbum"
"συναναπαύομαι,4875,false","υ-stamme"
"συναντάω,4876,false","α-stamme"
"συναντιλαμβάνομαι,4878,false","ν-stamme"
"συναπάγω,4879,false","γ-stamme"
"συναποθνῄσκω,4880,false","σκ-verbum"
"συναπόλλυμι,4881,false","μι-verbum"
"συναποστέλλω,4882,false","λ-stamme"
"συναρμολογέω,4883,false","ε-stamme"
"συναρπάζω,4884,false","ζ-stamme"
"συναυξάνω,4885,false","ν-stamme"
"συνδέω,4887,false","ε-stamme"
"συνδοξάζω,4888,false","ζ-stamme"
"συνεγείρω,4891,false","ρ-stamme"
"σύνειμι (I),4895,false","μι-verbum"
"σύνειμι (II),4896,false","μι-verbum"
"συνεισέρχομαι,4897,false","χ-stamme"
"συνεπιμαρτυρέω,4901,false","ε-stamme"
"συνεπιτίθημι,4934,true","μι-verbum"
"συνέπομαι,4902,false","π-stamme"
"συνεργέω,4903,false","ε-stamme"
"συνέρχομαι,4905,false","χ-stamme"
"συνεσθίω,4906,false","ι-stamme"
"συνευδοκέω,4909,false","ε-stamme"
"συνευωχέομαι,4910,false","ε-stamme"
"συνεφίστημι,4911,false","μι-verbum"
"συνέχω,4912,false","χ-stamme"
"συνήδομαι,4913,false","δ-stamme"
"συνθάπτω,4916,false","π-stamme"
"συνθλάω,4917,false","α-stamme"
"συνθλίβω,4918,false","β-stamme"
"συνθρύπτω,4919,false","π-stamme"
"συνίημι,4920,false","μι-verbum"
"συνίστημι,4921,false","μι-verbum"
"συνοδεύω,4922,false","ευ-stamme"
"συνοικέω,4924,false","ε-stamme"
"συνοικοδομέω,4925,false","ε-stamme"
"συνομιλέω,4926,false","ε-stamme"
"συνομορέω,4927,false","ε-stamme"
"συνοράω,4894,false","α-stamme"
"συντάσσω,4929,false","κ-stamme"
"συντελέω,4931,false","ε-stamme"
"συντέμνω,4932,false","ν-stamme"
"συντηρέω,4933,false","ε-stamme"
"συντίθημι,4934,false","μι-verbum"
"συντρέχω,4936,false","χ-stamme"
"συντρίβω,4937,false","β-stamme"
"συντυγχάνω,4940,false","ν-stamme"
"συνυποκρίνομαι,4942,false","ν-stamme"
"συνυπουργέω,4943,false","ε-stamme"
"συνωδίνω,4944,false","ν-stamme"
"σύρω,4951,false","ρ-stamme"
"συσπαράσσω,4952,false","κ-stamme"
"συσταυρόω,4957,false","ο-stamm"
"συστέλλω,4958,false","λ-stamme"
"συστενάζω,4959,false","ζ-stamme"
"συστοιχέω,4960,false","ε-stamme"
"συστρέφω,4962,false","φ-stamme"
"συσχηματίζω,4964,false","ζ-stamme"
"σφάζω,4969,false","ζ-stamme"
"σφραγίζω,4972,false","ζ-stamme"
"σχίζω,4977,false","ζ-stamme"
"σχολάζω,4980,false","ζ-stamme"
"σῴζω,4982,false","ζ-stamme"
"σωρεύω,4987,false","ευ-stamme"
"σωφρονέω,4993,false","ε-stamme"
"σωφρονίζω,4994,false","ζ-stamme"
"ταλαιπωρέω,5003,false","ε-stamme"
"ταπεινόω,5013,false","ο-stamm"
"ταράσσω,5015,false","κ-stamme"
"ταρταρόω,5020,false","ο-stamm"
"τάσσω,5021,false","κ-stamme"
"τεκνογονέω,5041,false","ε-stamme"
"τεκνοτροφέω,5044,false","ε-stamme"
"τελειόω,5048,false","ο-stamm"
"τελεσφορέω,5052,false","ε-stamme"
"τελευτάω,5053,false","α-stamme"
"τελέω,5055,false","ε-stamme"
"τετρααρχέω,5075,false","ε-stamme"
"τεφρόω,5077,false","ο-stamm"
"τήκω,5080,false","κ-stamme"
"τηρέω,5083,false","ε-stamme"
"τίθημι,5087,false","μι-verbum"
"τίκτω,5088,false","τ-stamme"
"τίλλω,5089,false","λ-stamme"
"τιμάω,5091,false","α-stamme"
"τιμωρέω,5097,false","ε-stamme"
"τίνω,5099,false","ν-stamme"
"τολμάω,5111,false","α-stamme"
"τραυματίζω,5135,false","ζ-stamme"
"τραχηλίζω,5136,false","ζ-stamme"
"τρέμω,5141,false","μ-stamme"
"τρέφω,5142,false","φ-stamme"
"τρέχω,5143,false","χ-stamme"
"τρίζω,5149,false","ζ-stamme"
"τροποφορέω,5159,false","ε-stamme"
"τρυγάω,5166,false","α-stamme"
"τρυφάω,5171,false","α-stamme"
"τρώγω,5176,false","γ-stamme"
"τυγχάνω,5177,false","ν-stamme"
"τυμπανίζω,5178,false","ζ-stamme"
"τύπτω,5180,false","π-stamme"
"τυφλόω,5186,false","ο-stamm"
"τυφόω,5187,false","ο-stamm"
"τύφω,5188,false","φ-stamme"
"ὑβρίζω,5195,false","ζ-stamme"
"ὑγιαίνω,5198,false","ν-stamme"
"ὑδροποτέω,5202,false","ε-stamme"
"ὑμνέω,5214,false","ε-stamme"
"ὑπάγω,5217,false","γ-stamme"
"ὑπακούω,5219,false","υ-stamme"
"ὑπαντάω,5221,false","α-stamme"
"ὑπάρχω,5225,false","χ-stamme"
"ὑπείκω,5226,false","κ-stamme"
"ὑπεραίρω,5229,false","ρ-stamme"
"ὑπεραυξάνω,5232,false","ν-stamme"
"ὑπερβαίνω,5233,false","ν-stamme"
"ὑπερβάλλω,5235,false","λ-stamme"
"ὑπερεκτείνω,5239,false","ν-stamme"
"ὑπερεκχύννω,5240,false","ν-stamme"
"ὑπερεντυγχάνω,5241,false","ν-stamme"
"ὑπερέχω,5242,false","χ-stamme"
"ὑπερνικάω,5245,false","α-stamme"
"ὑπεροράω,5237,false","α-stamme"
"ὑπερπερισσεύω,5248,false","ευ-stamme"
"ὑπερπλεονάζω,5250,false","ζ-stamme"
"ὑπερυψόω,5251,false","ο-stamm"
"ὑπερφρονέω,5252,false","ε-stamme"
"ὑπέχω,5254,false","χ-stamme"
"ὑπηρετέω,5256,false","ε-stamme"
"ὑποβάλλω,5260,false","λ-stamme"
"ὑποδείκνυμι,5263,false","μι-verbum"
"ὑποδέχομαι,5264,false","χ-stamme"
"ὑποδέω,5265,false","ε-stamme"
"ὑποζώννυμι,5269,false","μι-verbum"
"ὑποκρίνομαι,5271,false","ν-stamme"
"ὑπολαμβάνω,5274,false","ν-stamme"
"ὑπολείπω,5275,false","π-stamme"
"ὑπολιμπάνω,5277,false","ν-stamme"
"ὑπομένω,5278,false","ν-stamme"
"ὑπομιμνῄσκω,5279,false","σκ-verbum"
"ὑπονοέω,5282,false","ε-stamme"
"ὑποπλέω,5284,false","ε-stamme"
"ὑποπνέω,5285,false","ε-stamme"
"ὑποστέλλω,5288,false","λ-stamme"
"ὑποστρέφω,5290,false","φ-stamme"
"ὑποστρωννύω,5291,false","ρ-stamme"
"ὑποτάσσω,5293,false","κ-stamme"
"ὑποτίθημι,5294,false","μι-verbum"
"ὑποτρέχω,5295,false","χ-stamme"
"ὑποφέρω,5297,false","ρ-stamme"
"ὑποχωρέω,5298,false","ε-stamme"
"ὑπωπιάζω,5299,false","ζ-stamme"
"ὑστερέω,5302,false","ε-stamme"
"ὑφαίνω,4120,true","ν-stamme"
"ὑψηλοφρονέω,5309,false","ε-stamme"
"ὑψόω,5312,false","ο-stamm"
"φαίνω,5316,false","ν-stamme"
"φανερόω,5319,false","ο-stamm"
"φαντάζω,5324,false","ζ-stamme"
"φάσκω,5335,false","σκ-verbum"
"φείδομαι,5339,false","δ-stamme"
"φέρω,5342,false","ρ-stamme"
"φεύγω,5343,false","γ-stamme"
"φημί,5346,false","μι-verbum"
"φθάνω,5348,false","ν-stamme"
"φθέγγομαι,5350,false","γ-stamme"
"φθείρω,5351,false","ρ-stamme"
"φθονέω,5354,false","ε-stamme"
"φιλέω,5368,false","ε-stamme"
"φιλοπρωτεύω,5383,false","ευ-stamme"
"φιλοτιμέομαι,5389,false","ε-stamme"
"φιμόω,5392,false","ο-stamm"
"φλογίζω,5394,false","ζ-stamme"
"φλυαρέω,5396,false","ε-stamme"
"φοβέω,5399,false","ε-stamme"
"φονεύω,5407,false","ευ-stamme"
"φορέω,5409,false","ε-stamme"
"φορτίζω,5412,false","ζ-stamme"
"φραγελλόω,5417,false","ο-stamm"
"φράζω,5419,false","ζ-stamme"
"φράσσω,5420,false","κ-stamme"
"φρεναπατάω,5422,false","α-stamme"
"φρίσσω,5425,false","κ-stamme"
"φρονέω,5426,false","ε-stamme"
"φροντίζω,5431,false","ζ-stamme"
"φρουρέω,5432,false","ε-stamme"
"φρυάσσω,5433,false","κ-stamme"
"φυλακίζω,5439,false","ζ-stamme"
"φυλάσσω,5442,false","κ-stamme"
"φυσιόω,5448,false","ο-stamm"
"φυτεύω,5452,false","ευ-stamme"
"φύω,5453,false","υ-stamme"
"φωνέω,5455,false","ε-stamme"
"φωτίζω,5461,false","ζ-stamme"
"χαίρω,5463,false","ρ-stamme"
"χαλάω,5465,false","α-stamme"
"χαλιναγωγέω,5468,false","ε-stamme"
"χαρίζομαι,5483,false","ζ-stamme"
"χαριτόω,5487,false","ο-stamm"
"χειμάζω,5492,false","ζ-stamme"
"χειραγωγέω,5496,false","ε-stamme"
"χειροτονέω,5500,false","ε-stamme"
"χλευάζω,5512,false","ζ-stamme"
"χολάω,5520,false","α-stamme"
"χορηγέω,5524,false","ε-stamme"
"χορτάζω,5526,false","ζ-stamme"
"χράομαι,5530,false","η-stamme"
"χρή,5534,false","uregelmæssig "
"χρῄζω,5535,false","ζ-stamme"
"χρηματίζω,5537,false","ζ-stamme"
"χρηστεύομαι,5541,false","ευ-stamme"
"χρίω,5548,false","ι-stamme"
"χρονίζω,5549,false","ζ-stamme"
"χρονοτριβέω,5551,false","ε-stamme"
"χρυσόω,5558,false","ο-stamm"
"χωρέω,5562,false","ε-stamme"
"χωρίζω,5563,false","ζ-stamme"
"ψάλλω,5567,false","λ-stamme"
"ψεύδομαι,5574,false","δ-stamme"
"ψευδομαρτυρέω,5576,false","ε-stamme"
"ψηλαφάω,5584,false","α-stamme"
"ψηφίζω,5585,false","ζ-stamme"
"ψύχω,5594,false","χ-stamme"
"ψωμίζω,5595,false","ζ-stamme"
"ψώχω,5597,false","χ-stamme"
"ὠδίνω,5605,false","ν-stamme"
"ὠνέομαι,5608,false","ε-stamme"
"ὠρύομαι,5612,false","υ-stamme"
"ὠφελέω,5623,false","ε-stamme"
